{
  "val": {
    "confusion_matrix": [
      [
        1298,
        0
      ],
      [
        1202,
        0
      ]
    ],
    "report": {
      "0": {
        "precision": 0.5192,
        "recall": 1.0,
        "f1-score": 0.6835176408636124,
        "support": 1298.0
      },
      "1": {
        "precision": 0.0,
        "recall": 0.0,
        "f1-score": 0.0,
        "support": 1202.0
      },
      "accuracy": 0.5192,
      "macro avg": {
        "precision": 0.2596,
        "recall": 0.5,
        "f1-score": 0.3417588204318062,
        "support": 2500.0
      },
      "weighted avg": {
        "precision": 0.26956864,
        "recall": 0.5192,
        "f1-score": 0.3548823591363876,
        "support": 2500.0
      }
    }
  },
  "test": {
    "confusion_matrix": [
      [
        12500,
        0
      ],
      [
        12500,
        0
      ]
    ],
    "report": {
      "0": {
        "precision": 0.5,
        "recall": 1.0,
        "f1-score": 0.6666666666666666,
        "support": 12500.0
      },
      "1": {
        "precision": 0.0,
        "recall": 0.0,
        "f1-score": 0.0,
        "support": 12500.0
      },
      "accuracy": 0.5,
      "macro avg": {
        "precision": 0.25,
        "recall": 0.5,
        "f1-score": 0.3333333333333333,
        "support": 25000.0
      },
      "weighted avg": {
        "precision": 0.25,
        "recall": 0.5,
        "f1-score": 0.33333333333333326,
        "support": 25000.0
      }
    }
  }
}